,name,h,a,b,c,d,s,sum,type1,type2,type1_int,type2_int,rate
1,フシギダネ,45,49,49,65,65,45,318.0,くさ,どく,4,7,1
2,フシギソウ,60,62,63,80,80,60,405.0,くさ,どく,4,7,1
3,フシギバナ,80,82,83,100,100,80,525.0,くさ,どく,4,7,1
4,メガフシギバナ,80,100,123,122,120,80,625.0,くさ,どく,4,7,0
5,ヒトカゲ,39,52,43,60,50,65,309.0,ほのお,,1,-1,1
6,リザード,58,64,58,80,65,80,405.0,ほのお,,1,-1,1
7,リザードン,78,84,78,109,85,100,534.0,ほのお,ひこう,1,9,1
8,メガリザードンX,78,130,111,130,85,100,634.0,ほのお,ドラゴン,1,14,0
9,メガリザードンY,78,104,78,159,115,100,634.0,ほのお,ひこう,1,9,0
10,ゼニガメ,44,48,65,50,64,43,314.0,みず,,2,-1,1
11,カメール,59,63,80,65,80,58,405.0,みず,,2,-1,1
12,カメックス,79,83,100,85,105,78,530.0,みず,,2,-1,1
13,メガカメックス,79,103,120,135,115,78,630.0,みず,,2,-1,0
14,キャタピー,45,30,35,20,20,45,195.0,むし,,11,-1,1
15,トランセル,50,20,55,25,25,30,205.0,むし,,11,-1,1
16,バタフリー,60,45,50,90,80,70,395.0,むし,ひこう,11,9,1
17,ビードル,40,35,30,20,20,50,195.0,むし,どく,11,7,0
18,コクーン,45,25,50,25,25,35,205.0,むし,どく,11,7,0
19,スピアー,65,90,40,45,80,75,395.0,むし,どく,11,7,0
20,メガスピアー,65,150,40,15,80,145,495.0,むし,どく,11,7,0
21,ポッポ,40,45,40,35,35,56,251.0,ノーマル,ひこう,0,9,0
22,ピジョン,63,60,55,50,50,71,349.0,ノーマル,ひこう,0,9,0
23,ピジョット,83,80,75,70,70,101,479.0,ノーマル,ひこう,0,9,0
24,メガピジョット,83,80,80,135,80,121,579.0,ノーマル,ひこう,0,9,0
25,コラッタ,30,56,35,25,35,72,253.0,ノーマル,,0,-1,0
26,アローラコラッタ,30,56,35,25,35,72,253.0,あく,ノーマル,15,0,0
27,ラッタ,55,81,60,50,70,97,413.0,ノーマル,,0,-1,0
28,アローララッタ,75,71,70,40,80,77,413.0,あく,ノーマル,15,0,0
29,オニスズメ,40,60,30,31,31,70,262.0,ノーマル,ひこう,0,9,0
30,オニドリル,65,90,65,61,61,100,442.0,ノーマル,ひこう,0,9,0
31,アーボ,35,60,44,40,54,55,288.0,どく,,7,-1,0
32,アーボック,60,95,69,65,79,80,448.0,どく,,7,-1,0
33,ピカチュウ,35,55,40,50,50,90,320.0,でんき,,3,-1,1
34,ライチュウ,60,90,55,90,80,110,485.0,でんき,,3,-1,1
35,アローラライチュウ,60,85,50,95,85,110,485.0,でんき,エスパー,3,10,1
36,サンド,50,75,85,20,30,40,300.0,じめん,,8,-1,0
37,アローラサンド,50,75,90,10,35,40,300.0,こおり,はがね,5,16,0
38,サンドパン,75,100,110,45,55,65,450.0,じめん,,8,-1,0
39,アローラサンドパン,75,100,120,25,65,65,450.0,こおり,はがね,5,16,0
40,ニドラン♀,55,47,52,40,40,41,275.0,どく,,7,-1,0
41,ニドリーナ,70,62,67,55,55,56,365.0,どく,,7,-1,0
42,ニドクイン,90,92,87,75,85,76,505.0,どく,じめん,7,8,0
43,ニドラン♂,46,57,40,40,40,50,273.0,どく,,7,-1,0
44,ニドリーノ,61,72,57,55,55,65,365.0,どく,,7,-1,0
45,ニドキング,81,102,77,85,75,85,505.0,どく,じめん,7,8,0
46,ピッピ,70,45,48,60,65,35,323.0,フェアリー,,17,-1,1
47,ピクシー,95,70,73,95,90,60,483.0,フェアリー,,17,-1,1
48,ロコン,38,41,40,50,65,65,299.0,ほのお,,1,-1,1
49,アローラロコン,38,41,40,50,65,65,299.0,こおり,,5,-1,1
50,キュウコン,73,76,75,81,100,100,505.0,ほのお,,1,-1,1
51,アローラキュウコン,73,67,75,81,100,109,505.0,こおり,フェアリー,5,17,1
52,プリン,115,45,20,45,25,20,270.0,ノーマル,フェアリー,0,17,0
53,プクリン,140,70,45,85,50,45,435.0,ノーマル,フェアリー,0,17,0
54,ズバット,40,45,35,30,40,55,245.0,どく,ひこう,7,9,0
55,ゴルバット,75,80,70,65,75,90,455.0,どく,ひこう,7,9,0
56,ナゾノクサ,45,50,55,75,65,30,320.0,くさ,どく,4,7,1
57,クサイハナ,60,65,70,85,75,40,395.0,くさ,どく,4,7,1
58,ラフレシア,75,80,85,110,90,50,490.0,くさ,どく,4,7,1
59,パラス,35,70,55,45,55,25,285.0,むし,くさ,11,4,0
60,パラセクト,60,95,80,60,80,30,405.0,むし,くさ,11,4,0
61,コンパン,60,55,50,40,55,45,305.0,むし,どく,11,7,0
62,モルフォン,70,65,60,90,75,90,450.0,むし,どく,11,7,0
63,ディグダ,10,55,25,35,45,95,265.0,じめん,,8,-1,1
64,アローラディグダ,10,55,30,35,45,90,265.0,じめん,はがね,8,16,1
65,ダグトリオ,35,100,50,50,70,120,425.0,じめん,,8,-1,1
66,アローラダグドリオ,35,100,60,50,70,110,425.0,じめん,はがね,8,16,0
67,ニャース,40,45,35,40,40,90,290.0,ノーマル,,0,-1,1
68,アローラニャース,40,35,35,50,40,90,290.0,あく,,15,-1,1
69,ペルシアン,65,70,60,65,65,115,440.0,ノーマル,,0,-1,1
70,アローラペルシアン,65,60,60,75,65,115,440.0,あく,,15,-1,1
71,コダック,50,52,48,65,50,55,320.0,みず,,2,-1,0
72,ゴルダック,80,82,78,95,80,85,500.0,みず,,2,-1,0
73,マンキー,40,80,35,35,45,70,305.0,かくとう,,6,-1,0
74,オコリザル,65,105,60,60,70,95,455.0,かくとう,,6,-1,0
75,ガーディ,55,70,45,70,50,60,350.0,ほのお,,1,-1,1
76,ウインディ,90,110,80,100,80,95,555.0,ほのお,,1,-1,1
77,ニョロモ,40,50,40,40,40,90,300.0,みず,,2,-1,0
78,ニョロゾ,65,65,65,50,50,90,385.0,みず,,2,-1,0
79,ニョロボン,90,95,95,70,90,70,510.0,みず,かくとう,2,6,0
80,ケーシィ,25,20,15,105,55,90,310.0,エスパー,,10,-1,0
81,ユンゲラー,40,35,30,120,70,105,400.0,エスパー,,10,-1,0
82,フーディン,55,50,45,135,95,120,500.0,エスパー,,10,-1,0
83,メガフーディン,55,50,65,175,105,150,600.0,エスパー,,10,-1,0
84,ワンリキー,70,80,50,35,35,35,305.0,かくとう,,6,-1,1
85,ゴーリキー,80,100,70,50,60,45,405.0,かくとう,,6,-1,1
86,カイリキー,90,130,80,65,85,55,505.0,かくとう,,6,-1,1
87,マダツボミ,50,75,35,70,30,40,300.0,くさ,どく,4,7,0
88,ウツドン,65,90,50,85,45,55,390.0,くさ,どく,4,7,0
89,ウツボット,80,105,65,100,70,70,490.0,くさ,どく,4,7,0
90,メノクラゲ,40,40,35,50,100,70,335.0,みず,どく,2,7,0
91,ドククラゲ,80,70,65,80,120,100,515.0,みず,どく,2,7,0
92,イシツブテ,40,80,100,30,30,20,300.0,いわ,じめん,12,8,0
93,アローライシツブテ,40,80,100,30,30,20,300.0,いわ,でんき,12,3,0
94,ゴローン,55,95,115,45,45,35,390.0,いわ,じめん,12,8,0
95,アローラゴローン,55,95,115,45,45,35,390.0,いわ,でんき,12,3,0
96,ゴローニャ,80,120,130,55,65,45,495.0,いわ,じめん,12,8,0
97,アローラゴローニャ,80,120,130,55,65,45,495.0,いわ,でんき,12,3,0
98,ポニータ,50,85,55,65,65,90,410.0,ほのお,,1,-1,1
99,ギャロップ,65,100,70,80,80,105,500.0,ほのお,,1,-1,1
100,ヤドン,90,65,65,40,40,15,315.0,みず,エスパー,2,10,0
101,ヤドラン,95,75,110,100,80,30,490.0,みず,エスパー,2,10,0
102,メガヤドラン,95,75,180,130,80,30,590.0,みず,エスパー,2,10,0
103,コイル,25,35,70,95,55,45,325.0,でんき,はがね,3,16,0
104,レアコイル,50,60,95,120,70,70,465.0,でんき,はがね,3,16,0
105,カモネギ,52,90,55,58,62,60,377.0,ノーマル,ひこう,0,9,1
106,ドードー,35,85,45,35,35,75,310.0,ノーマル,ひこう,0,9,0
107,ドードリオ,60,110,70,60,60,110,470.0,ノーマル,ひこう,0,9,0
108,パウワウ,65,45,55,45,70,45,325.0,みず,,2,-1,0
109,ジュゴン,90,70,80,70,95,70,475.0,みず,こおり,2,5,0
110,ベトベター,80,80,50,40,50,25,325.0,どく,,7,-1,0
111,アローラベトベター,80,80,50,40,50,25,325.0,どく,あく,7,15,0
112,ベトベトン,105,105,75,65,100,50,500.0,どく,,7,-1,0
113,アローラベトベトン,105,105,75,65,100,50,500.0,どく,あく,7,15,0
114,シェルダー,30,65,100,45,25,40,305.0,みず,,2,-1,1
115,パルシェン,50,95,180,85,45,70,525.0,みず,こおり,2,5,1
116,ゴース,30,35,30,100,35,80,310.0,ゴースト,どく,13,7,1
117,ゴースト,45,50,45,115,55,95,405.0,ゴースト,どく,13,7,1
118,ゲンガー,60,65,60,130,75,110,500.0,ゴースト,どく,13,7,1
119,メガゲンガー,60,65,80,170,95,130,600.0,ゴースト,どく,13,7,0
120,イワーク,35,45,160,30,45,70,385.0,いわ,じめん,12,8,1
121,スリープ,60,48,45,43,90,42,328.0,エスパー,,10,-1,0
122,スリーパー,85,73,70,73,115,67,483.0,エスパー,,10,-1,0
123,クラブ,30,105,90,25,25,50,325.0,みず,,2,-1,1
124,キングラー,55,130,115,50,50,75,475.0,みず,,2,-1,1
125,ビリリダマ,40,30,50,55,55,100,330.0,でんき,,3,-1,0
126,マルマイン,60,50,70,80,80,150,490.0,でんき,,3,-1,0
127,タマタマ,60,40,80,60,45,40,325.0,くさ,エスパー,4,10,0
128,ナッシー,95,95,85,125,75,55,530.0,くさ,エスパー,4,10,0
129,アローラナッシー,95,105,85,125,75,45,530.0,くさ,ドラゴン,4,14,0
130,カラカラ,50,50,95,40,50,35,320.0,じめん,,8,-1,0
131,ガラガラ,60,80,110,50,80,45,425.0,じめん,,8,-1,0
132,アローラガラガラ,60,80,110,50,80,45,425.0,ほのお,ゴースト,1,13,0
133,サワムラー,50,120,53,35,110,87,455.0,かくとう,,6,-1,1
134,エビワラー,50,105,79,35,110,76,455.0,かくとう,,6,-1,1
135,ベロリンガ,90,55,75,60,75,30,385.0,ノーマル,,0,-1,0
136,ドガース,40,65,95,60,45,35,340.0,どく,,7,-1,1
137,マタドガス,65,90,120,85,70,60,490.0,どく,,7,-1,1
138,サイホーン,80,85,95,30,30,25,345.0,じめん,いわ,8,12,1
139,サイドン,105,130,120,45,45,40,485.0,じめん,いわ,8,12,1
140,ラッキー,250,5,5,35,105,50,450.0,ノーマル,,0,-1,0
141,モンジャラ,65,55,115,100,40,60,435.0,くさ,,4,-1,0
142,ガルーラ,105,95,80,40,80,90,490.0,ノーマル,,0,-1,0
143,メガガルーラ,105,125,100,60,100,100,590.0,ノーマル,,0,-1,0
144,タッツー,30,40,70,70,25,60,295.0,みず,,2,-1,0
145,シードラ,55,65,95,95,45,85,440.0,みず,,2,-1,0
146,トサキント,45,67,60,35,50,63,320.0,みず,,2,-1,1
147,アズマオウ,80,92,65,65,80,68,450.0,みず,,2,-1,1
148,ヒトデマン,30,45,55,70,55,85,340.0,みず,,2,-1,0
149,スターミー,60,75,85,100,85,115,520.0,みず,エスパー,2,10,0
150,バリヤード,40,45,65,100,120,90,460.0,エスパー,フェアリー,10,17,1
151,ストライク,70,110,80,55,80,105,500.0,むし,ひこう,11,9,0
152,ルージュラ,65,50,35,115,95,95,455.0,こおり,エスパー,5,10,0
153,エレブー,65,83,57,95,85,105,490.0,でんき,,3,-1,0
154,ブーバー,65,95,57,100,85,93,495.0,ほのお,,1,-1,0
155,カイロス,65,125,100,55,70,85,500.0,むし,,11,-1,0
156,メガカイロス,65,155,120,65,90,105,600.0,むし,ひこう,11,9,0
157,ケンタロス,75,100,95,40,70,110,490.0,ノーマル,,0,-1,0
158,コイキング,20,10,55,15,20,80,200.0,みず,,2,-1,1
159,ギャラドス,95,125,79,60,100,81,540.0,みず,ひこう,2,9,1
160,メガギャラドス,95,155,109,70,130,81,640.0,みず,あく,2,15,0
161,ラプラス,130,85,80,85,95,60,535.0,みず,こおり,2,5,1
162,メタモン,48,48,48,48,48,48,288.0,ノーマル,,0,-1,1
163,イーブイ,55,55,50,45,65,55,325.0,ノーマル,,0,-1,1
164,シャワーズ,130,65,60,110,95,65,525.0,みず,,2,-1,1
165,サンダース,65,65,60,110,95,130,525.0,でんき,,3,-1,1
166,ブースター,65,130,60,95,110,65,525.0,ほのお,,1,-1,1
167,ポリゴン,65,60,70,85,75,40,395.0,ノーマル,,0,-1,0
168,オムナイト,35,40,100,90,55,35,355.0,いわ,みず,12,2,0
169,オムスター,70,60,125,115,70,55,495.0,いわ,みず,12,2,0
170,カブト,30,80,90,55,45,55,355.0,いわ,みず,12,2,0
171,カブトプス,60,115,105,65,70,80,495.0,いわ,みず,12,2,0
172,プテラ,80,105,65,60,75,130,515.0,いわ,ひこう,12,9,0
173,メガプテラ,80,135,85,70,95,150,615.0,いわ,ひこう,12,9,0
174,カビゴン,160,110,65,65,110,30,540.0,ノーマル,,0,-1,1
175,フリーザー,90,85,100,95,125,85,580.0,こおり,ひこう,5,9,0
176,サンダー,90,90,85,125,90,100,580.0,でんき,ひこう,3,9,0
177,ファイヤー,90,100,90,125,85,90,580.0,ほのお,ひこう,1,9,0
178,ミニリュウ,41,64,45,50,50,50,300.0,ドラゴン,,14,-1,0
179,ハクリュー,61,84,65,70,70,70,420.0,ドラゴン,,14,-1,0
180,カイリュー,91,134,95,100,100,80,600.0,ドラゴン,ひこう,14,9,0
181,ミュウツー,106,110,90,154,90,130,680.0,エスパー,,10,-1,0
182,メガミュウツーX,106,190,100,154,100,130,780.0,エスパー,かくとう,10,6,0
183,メガミュウツーY,106,150,70,194,120,140,780.0,エスパー,,10,-1,0
184,ミュウ,100,100,100,100,100,100,600.0,エスパー,,10,-1,0
185,チコリータ,45,49,65,49,65,45,318.0,くさ,,4,-1,0
186,ベイリーフ,60,62,80,63,80,60,405.0,くさ,,4,-1,0
187,メガニウム,80,82,100,83,100,80,525.0,くさ,,4,-1,0
188,ヒノアラシ,39,52,43,60,50,65,309.0,ほのお,,1,-1,0
189,マグマラシ,58,64,58,80,65,80,405.0,ほのお,,1,-1,0
190,バクフーン,78,84,78,109,85,100,534.0,ほのお,,1,-1,0
191,ワニノコ,50,65,64,44,48,43,314.0,みず,,2,-1,0
192,アリゲイツ,65,80,80,59,63,58,405.0,みず,,2,-1,0
193,オーダイル,85,105,100,79,83,78,530.0,みず,,2,-1,0
194,オタチ,35,46,34,35,45,20,215.0,ノーマル,,0,-1,0
195,オオタチ,85,76,64,45,55,90,415.0,ノーマル,,0,-1,0
196,ホーホー,60,30,30,36,56,50,262.0,ノーマル,ひこう,0,9,1
197,ヨルノズク,100,50,50,86,96,70,452.0,ノーマル,ひこう,0,9,1
198,レディバ,40,20,30,40,80,55,265.0,むし,ひこう,11,9,0
199,レディアン,55,35,50,55,110,85,390.0,むし,ひこう,11,9,0
200,イトマル,40,60,40,40,40,30,250.0,むし,どく,11,7,0
201,アリアドス,70,90,70,60,70,40,400.0,むし,どく,11,7,0
202,クロバット,85,90,80,70,80,130,535.0,どく,ひこう,7,9,0
203,チョンチー,75,38,38,56,56,67,330.0,みず,でんき,2,3,1
204,ランターン,125,58,58,76,76,67,460.0,みず,でんき,2,3,1
205,ピチュー,20,40,15,35,35,60,205.0,でんき,,3,-1,1
206,ピィ,50,25,28,45,55,15,218.0,フェアリー,,17,-1,1
207,ププリン,90,30,15,40,20,15,210.0,ノーマル,フェアリー,0,17,0
208,トゲピー,35,20,65,40,65,20,245.0,フェアリー,,17,-1,1
209,トゲチック,55,40,85,80,105,40,405.0,フェアリー,ひこう,17,9,1
210,ネイティ,40,50,45,70,45,70,320.0,エスパー,ひこう,10,9,1
211,ネイティオ,65,75,70,95,70,95,470.0,エスパー,ひこう,10,9,1
212,メリープ,55,40,40,65,45,35,280.0,でんき,,3,-1,0
213,モココ,70,55,55,80,60,45,365.0,でんき,,3,-1,0
214,デンリュウ,90,75,85,115,90,55,510.0,でんき,,3,-1,0
215,メガデンリュウ,90,95,105,165,110,45,610.0,でんき,ドラゴン,3,14,0
216,キレイハナ,75,80,95,90,100,50,490.0,くさ,,4,-1,1
217,マリル,70,20,50,20,50,40,250.0,みず,フェアリー,2,17,0
218,マリルリ,100,50,80,60,80,50,420.0,みず,フェアリー,2,17,0
219,ウソッキー,70,100,115,30,65,30,410.0,いわ,,12,-1,1
220,ニョロトノ,90,75,75,90,100,70,500.0,みず,,2,-1,0
221,ハネッコ,35,35,40,35,55,50,250.0,くさ,ひこう,4,9,0
222,ポポッコ,55,45,50,45,65,80,340.0,くさ,ひこう,4,9,0
223,ワタッコ,75,55,70,55,95,110,460.0,くさ,ひこう,4,9,0
224,エイパム,55,70,55,40,55,85,360.0,ノーマル,,0,-1,0
225,ヒマナッツ,30,30,30,30,30,30,180.0,くさ,,4,-1,0
226,キマワリ,75,75,55,105,85,30,425.0,くさ,,4,-1,0
227,ヤンヤンマ,65,65,45,75,45,95,390.0,むし,ひこう,11,9,0
228,ウパー,55,45,45,25,25,15,210.0,みず,じめん,2,8,1
229,ヌオー,95,85,85,65,65,35,430.0,みず,じめん,2,8,1
230,エーフィ,65,65,60,130,95,110,525.0,エスパー,,10,-1,1
231,ブラッキー,95,65,110,60,130,65,525.0,あく,,15,-1,1
232,ヤミカラス,60,85,42,85,42,91,405.0,あく,ひこう,15,9,0
233,ヤドキング,95,75,80,100,110,30,490.0,みず,エスパー,2,10,0
234,ムウマ,60,60,60,85,85,85,435.0,ゴースト,,13,-1,0
235,アンノーン,48,72,48,72,48,48,336.0,エスパー,,10,-1,0
236,ソーナンス,190,33,58,33,58,33,405.0,エスパー,,10,-1,1
237,キリンリキ,70,80,65,90,65,85,455.0,ノーマル,エスパー,0,10,0
238,クヌギダマ,50,65,90,35,35,15,290.0,むし,,11,-1,0
239,フォレトス,75,90,140,60,60,40,465.0,むし,はがね,11,16,0
240,ノコッチ,100,70,70,65,65,45,415.0,ノーマル,,0,-1,0
241,グライガー,65,75,105,35,65,85,430.0,じめん,ひこう,8,9,0
242,ハガネール,75,85,200,55,65,30,510.0,はがね,じめん,16,8,1
243,メガハガネール,75,125,230,55,95,30,610.0,はがね,じめん,16,8,0
244,ブルー,60,80,50,40,40,30,300.0,フェアリー,,17,-1,0
245,グランブル,90,120,75,60,60,45,450.0,フェアリー,,17,-1,0
246,ハリーセン,65,95,85,55,55,85,440.0,みず,どく,2,7,1
247,ハッサム,70,130,100,55,80,65,500.0,むし,はがね,11,16,0
248,メガハッサム,70,150,140,65,100,75,600.0,むし,はがね,11,16,0
249,ツボツボ,20,10,230,10,230,5,505.0,むし,いわ,11,12,1
250,ヘラクロス,80,125,75,40,95,85,500.0,むし,かくとう,11,6,0
251,メガヘラクロス,80,185,115,40,105,75,600.0,むし,かくとう,11,6,0
252,ニューラ,55,95,55,35,75,115,430.0,あく,こおり,15,5,1
253,ヒメグマ,60,80,50,50,50,40,330.0,ノーマル,,0,-1,0
254,リングマ,90,130,75,75,75,55,500.0,ノーマル,,0,-1,0
255,マグマッグ,40,40,40,70,40,20,250.0,ほのお,,1,-1,0
256,マグカルゴ,60,50,120,90,80,30,430.0,ほのお,いわ,1,12,0
257,ウリムー,50,50,40,30,30,50,250.0,こおり,じめん,5,8,1
258,イノムー,100,100,80,60,60,50,450.0,こおり,じめん,5,8,1
259,サニーゴ,65,55,95,65,95,35,410.0,みず,いわ,2,12,1
260,テッポウオ,35,65,35,65,35,65,300.0,みず,,2,-1,1
261,オクタン,75,105,75,105,75,45,480.0,みず,,2,-1,1
262,デリバード,45,55,45,65,45,75,330.0,こおり,ひこう,5,9,1
263,マンタイン,85,40,70,80,140,70,485.0,みず,ひこう,2,9,1
264,エアームド,65,80,140,40,70,70,465.0,はがね,ひこう,16,9,0
265,デルビル,45,60,30,80,50,65,330.0,あく,ほのお,15,1,0
266,ヘルガー,75,90,50,110,80,95,500.0,あく,ほのお,15,1,0
267,メガヘルガー,75,90,90,140,90,115,600.0,あく,ほのお,15,1,0
268,キングドラ,75,95,95,95,95,85,540.0,みず,ドラゴン,2,14,0
269,ゴマゾウ,90,60,60,40,40,40,330.0,じめん,,8,-1,0
270,ドンファン,90,120,120,60,60,50,500.0,じめん,,8,-1,0
271,ポリゴン２,85,80,90,105,95,60,515.0,ノーマル,,0,-1,0
272,オドシシ,73,95,62,85,65,85,465.0,ノーマル,,0,-1,0
273,ドーブル,55,20,35,20,45,75,250.0,ノーマル,,0,-1,0
274,バルキー,35,35,35,35,35,35,210.0,かくとう,,6,-1,1
275,カポエラー,50,95,95,35,110,70,455.0,かくとう,,6,-1,1
276,ムチュール,45,30,15,85,65,65,305.0,こおり,エスパー,5,10,0
277,エレキッド,45,63,37,65,55,95,360.0,でんき,,3,-1,0
278,ブビィ,45,75,37,70,55,83,365.0,ほのお,,1,-1,0
279,ミルタンク,95,80,105,40,70,100,490.0,ノーマル,,0,-1,0
280,ハピナス,255,10,10,75,135,55,540.0,ノーマル,,0,-1,0
281,ライコウ,90,85,75,115,100,115,580.0,でんき,,3,-1,0
282,エンテイ,115,115,85,90,75,100,580.0,ほのお,,1,-1,0
283,スイクン,100,75,115,90,115,85,580.0,みず,,2,-1,0
284,ヨーギラス,50,64,50,45,50,41,300.0,いわ,じめん,12,8,1
285,サナギラス,70,84,70,65,70,51,410.0,いわ,じめん,12,8,1
286,バンギラス,100,134,110,95,100,61,600.0,いわ,あく,12,15,1
287,メガバンギラス,100,164,150,95,120,71,700.0,いわ,あく,12,15,0
288,ルギア,106,90,130,90,154,110,680.0,エスパー,ひこう,10,9,0
289,ホウオウ,106,130,90,110,154,90,680.0,ほのお,ひこう,1,9,0
290,セレビィ,100,100,100,100,100,100,600.0,エスパー,むし,10,11,1
291,キモリ,40,45,35,65,55,70,310.0,くさ,,4,-1,0
292,ジュプトル,50,65,45,85,65,95,405.0,くさ,,4,-1,0
293,ジュカイン,70,85,65,105,85,120,530.0,くさ,,4,-1,0
294,メガジュカイン,70,110,75,145,85,145,630.0,くさ,ドラゴン,4,14,0
295,アチャモ,45,60,40,70,50,45,310.0,ほのお,,1,-1,0
296,ワカシャモ,60,85,60,85,60,55,405.0,ほのお,かくとう,1,6,0
297,バシャーモ,80,120,70,110,70,80,530.0,ほのお,かくとう,1,6,0
298,メガバシャーモ,80,160,80,130,80,100,630.0,ほのお,かくとう,1,6,0
299,ミズゴロウ,50,70,50,50,50,40,310.0,みず,,2,-1,0
300,ヌマクロー,70,85,70,60,70,50,405.0,みず,じめん,2,8,0
301,ラグラージ,100,110,90,85,90,60,535.0,みず,じめん,2,8,0
302,メガラグラージ,100,150,110,95,110,70,635.0,みず,じめん,2,8,0
303,ポチエナ,35,55,35,30,30,35,220.0,あく,,15,-1,0
304,グラエナ,70,90,70,60,60,70,420.0,あく,,15,-1,0
305,ジグザグマ,38,30,41,30,41,60,240.0,ノーマル,,0,-1,1
306,マッスグマ,78,70,61,50,61,100,420.0,ノーマル,,0,-1,1
307,ケムッソ,45,45,35,20,30,20,195.0,むし,,11,-1,0
308,カラサリス,50,35,55,25,25,15,205.0,むし,,11,-1,0
309,アゲハント,60,70,50,100,50,65,395.0,むし,ひこう,11,9,0
310,マユルド,50,35,55,25,25,15,205.0,むし,,11,-1,0
311,ドクケイル,60,50,70,50,90,65,385.0,むし,どく,11,7,0
312,ハスボー,40,30,30,40,50,30,220.0,みず,むし,2,11,1
313,ハスブレロ,60,50,50,60,70,50,340.0,みず,むし,2,11,1
314,ルンパッパ,80,70,70,90,100,70,480.0,みず,むし,2,11,1
315,タネボー,40,40,50,30,30,30,220.0,くさ,,4,-1,1
316,コノハナ,70,70,40,60,40,60,340.0,くさ,あく,4,15,1
317,ダーテング,90,100,60,90,60,80,480.0,くさ,あく,4,15,1
318,スバメ,40,55,30,30,30,85,270.0,ノーマル,ひこう,0,9,0
319,オオスバメ,60,85,60,75,50,125,455.0,ノーマル,ひこう,0,9,0
320,キャモメ,40,30,30,55,30,85,270.0,みず,ひこう,2,9,1
321,ペリッパー,60,50,100,95,70,65,440.0,みず,ひこう,2,9,1
322,ラルトス,28,25,25,45,35,40,198.0,エスパー,フェアリー,10,17,1
323,キルリア,38,35,35,65,55,50,278.0,エスパー,フェアリー,10,17,1
324,サーナイト,68,65,65,125,115,80,518.0,エスパー,フェアリー,10,17,1
325,メガサーナイト,68,85,65,165,135,100,618.0,エスパー,フェアリー,10,17,0
326,アメタマ,40,30,32,50,52,65,269.0,むし,みず,11,2,0
327,アメモース,70,60,62,100,82,80,454.0,むし,ひこう,11,9,0
328,キノココ,60,40,60,40,60,35,295.0,くさ,,4,-1,0
329,キノガッサ,60,130,80,60,60,70,460.0,くさ,かくとう,4,6,0
330,ナマケロ,60,60,60,35,35,30,280.0,ノーマル,,0,-1,0
331,ヤルキモノ,80,80,80,55,55,90,440.0,ノーマル,,0,-1,0
332,ケッキング,150,160,100,95,65,100,670.0,ノーマル,,0,-1,0
333,ツチニン,31,45,90,30,30,40,266.0,むし,じめん,11,8,1
334,テッカニン,61,90,45,50,50,160,456.0,むし,ひこう,11,9,1
335,ヌケニン,1,90,45,30,30,40,236.0,むし,ゴースト,11,13,1
336,ゴニョニョ,64,51,23,51,23,28,240.0,ノーマル,,0,-1,0
337,ドゴーム,84,71,43,71,43,48,360.0,ノーマル,,0,-1,0
338,バクオング,104,91,63,91,73,68,490.0,ノーマル,,0,-1,0
339,マクノシタ,72,60,30,20,30,25,237.0,かくとう,,6,-1,0
340,ハリテヤマ,144,120,60,40,60,50,474.0,かくとう,,6,-1,0
341,ルリリ,50,20,40,20,40,20,190.0,ノーマル,フェアリー,0,17,0
342,ノズパス,30,45,135,45,90,30,375.0,いわ,,12,-1,0
343,エネコ,50,45,45,35,35,50,260.0,ノーマル,,0,-1,0
344,エネコロロ,70,65,65,55,55,90,400.0,ノーマル,,0,-1,0
345,ヤミラミ,50,75,75,65,65,50,380.0,あく,ゴースト,15,13,1
346,メガヤミラミ,50,85,125,85,115,20,480.0,あく,ゴースト,15,13,0
347,クチート,50,85,85,55,55,50,380.0,はがね,フェアリー,16,17,1
348,メガクチート,50,105,125,55,95,50,480.0,はがね,フェアリー,16,17,0
349,ココドラ,50,70,100,40,40,30,330.0,はがね,いわ,16,12,0
350,コドラ,60,90,140,50,50,40,430.0,はがね,いわ,16,12,0
351,ボスゴドラ,70,110,180,60,60,50,530.0,はがね,いわ,16,12,0
352,メガボスゴドラ,70,140,230,60,80,50,630.0,はがね,,16,-1,0
353,アサナン,30,40,55,40,55,60,280.0,かくとう,エスパー,6,10,0
354,チャーレム,60,60,75,60,75,80,410.0,かくとう,エスパー,6,10,0
355,メガチャーレム,60,100,85,80,85,100,510.0,かくとう,エスパー,6,10,0
356,ラクライ,40,45,40,65,40,65,295.0,でんき,,3,-1,1
357,ライボルト,70,75,60,105,60,105,475.0,でんき,,3,-1,1
358,メガライボルト,70,75,80,135,80,135,575.0,でんき,,3,-1,0
359,プラスル,60,50,40,85,75,95,405.0,でんき,,3,-1,0
360,マイナン,60,40,50,75,85,95,405.0,でんき,,3,-1,0
361,バルビート,65,73,75,47,85,85,430.0,むし,,11,-1,0
362,イルミーゼ,65,47,75,73,85,85,430.0,むし,,11,-1,0
363,ロゼリア,50,60,45,100,80,65,400.0,くさ,どく,4,7,1
364,ゴクリン,70,43,53,43,53,40,302.0,どく,,7,-1,0
365,マルノーム,100,73,83,73,83,55,467.0,どく,,7,-1,0
366,キバニア,45,90,20,65,20,65,305.0,みず,あく,2,15,0
367,サメハダー,70,120,40,95,40,95,460.0,みず,あく,2,15,0
368,メガサメハダー,70,140,70,110,65,105,560.0,みず,あく,2,15,0
369,ホエルコ,130,70,35,70,35,60,400.0,みず,,2,-1,1
370,ホエルオー,170,90,45,90,45,60,500.0,みず,,2,-1,1
371,ドンメル,60,60,40,65,45,35,305.0,ほのお,じめん,1,8,0
372,バクーダ,70,100,70,105,75,40,460.0,ほのお,じめん,1,8,0
373,メガバクーダ,70,120,100,145,105,20,560.0,ほのお,じめん,1,8,0
374,コータス,70,85,140,85,70,20,470.0,ほのお,,1,-1,1
375,バネブー,60,25,35,70,80,60,330.0,エスパー,,10,-1,0
376,ブーピッグ,80,45,65,90,110,80,470.0,エスパー,,10,-1,0
377,パッチール,60,60,60,60,60,60,360.0,ノーマル,,0,-1,0
378,ナックラー,45,100,45,45,45,10,290.0,じめん,,8,-1,1
379,ビブラーバ,50,70,50,50,50,70,340.0,じめん,ドラゴン,8,14,1
380,フライゴン,80,100,80,80,80,100,520.0,じめん,ドラゴン,8,14,1
381,サボネア,50,85,40,85,40,35,335.0,くさ,,4,-1,0
382,ノクタス,70,115,60,115,60,55,475.0,くさ,あく,4,15,0
383,チルット,45,40,60,40,75,50,310.0,ノーマル,ひこう,0,9,0
384,チルタリス,75,70,90,70,105,80,490.0,ドラゴン,ひこう,14,9,0
385,メガチルタリス,75,110,110,110,105,80,590.0,ドラゴン,フェアリー,14,17,0
386,ザングース,73,115,60,60,60,90,458.0,ノーマル,,0,-1,0
387,ハブネーク,73,100,60,100,60,65,458.0,どく,,7,-1,0
388,ルナトーン,90,55,65,95,85,70,460.0,いわ,エスパー,12,10,1
389,ソルロック,90,95,85,55,65,70,460.0,いわ,エスパー,12,10,1
390,ドジョッチ,50,48,43,46,41,60,288.0,みず,じめん,2,8,1
391,ナマズン,110,78,73,76,71,60,468.0,みず,じめん,2,8,1
392,ヘイガニ,43,80,65,50,35,35,308.0,みず,,2,-1,1
393,シザリガー,63,120,85,90,55,55,468.0,みず,あく,2,15,1
394,ヤジロン,40,40,55,40,70,55,300.0,じめん,エスパー,8,10,1
395,ネンドール,60,70,105,70,120,75,500.0,じめん,エスパー,8,10,1
396,リリーラ,66,41,77,61,87,23,355.0,いわ,くさ,12,4,0
397,ユレイドル,86,81,97,81,107,43,495.0,いわ,くさ,12,4,0
398,アノプス,45,95,50,40,50,75,355.0,いわ,むし,12,11,0
399,アーマルド,75,125,100,70,80,45,495.0,いわ,むし,12,11,0
400,ヒンバス,20,15,20,10,55,80,200.0,みず,,2,-1,1
401,ミロカロス,95,60,79,100,125,81,540.0,みず,,2,-1,1
402,ポワルン,70,70,70,70,70,70,420.0,ノーマル,,0,-1,0
403,カクレオン,60,90,70,60,120,40,440.0,ノーマル,,0,-1,0
404,カゲボウズ,44,75,35,63,33,45,295.0,ゴースト,,13,-1,0
405,ジュペッタ,64,115,65,83,63,65,455.0,ゴースト,,13,-1,0
406,メガジュペッタ,64,165,75,93,83,75,555.0,ゴースト,,13,-1,0
407,ヨマワル,20,40,90,30,90,25,295.0,ゴースト,,13,-1,1
408,サマヨール,40,70,130,60,130,25,455.0,ゴースト,,13,-1,1
409,トロピウス,99,68,83,72,87,51,460.0,くさ,ひこう,4,9,0
410,チリーン,75,50,80,95,90,65,455.0,エスパー,,10,-1,0
411,アブソル,65,130,60,75,60,75,465.0,あく,,15,-1,0
412,メガアブソル,65,150,60,115,60,115,565.0,あく,,15,-1,0
413,ソーナノ,95,23,48,23,48,23,260.0,エスパー,,10,-1,1
414,ユキワラシ,50,50,50,50,50,50,300.0,こおり,,5,-1,1
415,オニゴーリ,80,80,80,80,80,80,480.0,こおり,,5,-1,1
416,メガオニゴーリ,80,120,80,120,80,100,580.0,こおり,,5,-1,0
417,タマザラシ,70,40,50,55,50,25,290.0,こおり,みず,5,2,0
418,トドグラー,90,60,70,75,70,45,410.0,こおり,みず,5,2,0
419,トドゼルガ,110,80,90,95,90,65,530.0,こおり,みず,5,2,0
420,パールル,35,64,85,74,55,32,345.0,みず,,2,-1,0
421,ハンテール,55,104,105,94,75,52,485.0,みず,,2,-1,0
422,サクラビス,55,84,105,114,75,52,485.0,みず,,2,-1,0
423,ジーランス,100,90,130,45,65,55,485.0,みず,いわ,2,12,0
424,ラブカス,43,30,55,40,65,97,330.0,みず,,2,-1,0
425,タツベイ,45,75,60,40,30,50,300.0,ドラゴン,,14,-1,0
426,コモルー,65,95,100,60,50,50,420.0,ドラゴン,,14,-1,0
427,ボーマンダ,95,135,80,110,80,100,600.0,ドラゴン,ひこう,14,9,0
428,メガボーマンダ,95,145,130,120,90,120,700.0,ドラゴン,ひこう,14,9,0
429,ダンバル,40,55,80,35,60,30,300.0,はがね,エスパー,16,10,0
430,メタング,60,75,100,55,80,50,420.0,はがね,エスパー,16,10,0
431,メタグロス,80,135,130,95,90,70,600.0,はがね,エスパー,16,10,0
432,メガメタグロス,80,145,150,105,110,110,700.0,はがね,エスパー,16,10,0
433,レジロック,80,100,200,50,100,50,580.0,いわ,,12,-1,0
434,レジアイス,80,50,100,100,200,50,580.0,こおり,,5,-1,0
435,レジスチル,80,75,150,75,150,50,580.0,はがね,,16,-1,0
436,ラティアス,80,80,90,110,130,110,600.0,ドラゴン,エスパー,14,10,0
437,メガラティアス,80,100,120,140,150,110,700.0,ドラゴン,エスパー,14,10,0
438,ラティオス,80,90,80,130,110,110,600.0,ドラゴン,エスパー,14,10,0
439,メガラティオス,80,130,100,160,120,110,700.0,ドラゴン,エスパー,14,10,0
440,カイオーガ,100,100,90,150,140,90,670.0,みず,,2,-1,0
441,ゲンシカイオーガ,100,150,90,180,160,90,770.0,みず,,2,-1,0
442,グラードン,100,150,140,100,90,90,670.0,じめん,,8,-1,0
443,ゲンシグラードン,100,180,160,150,90,90,770.0,じめん,ほのお,8,1,0
444,レックウザ,105,150,90,150,90,95,680.0,ドラゴン,ひこう,14,9,0
445,メガレックウザ,105,180,100,180,100,115,780.0,ドラゴン,ひこう,14,9,0
446,ジラーチ,100,100,100,100,100,100,600.0,はがね,エスパー,16,10,1
447,デオキシスN,50,150,50,150,50,150,600.0,エスパー,,10,-1,0
448,デオキシスA,50,180,20,180,20,150,600.0,エスパー,,10,-1,0
449,デオキシスD,50,70,160,70,160,90,600.0,エスパー,,10,-1,0
450,デオキシスS,50,95,90,95,90,180,600.0,エスパー,,10,-1,0
451,ナエトル,55,68,64,45,55,31,318.0,くさ,,4,-1,0
452,ハヤシガメ,75,89,85,55,65,36,405.0,くさ,,4,-1,0
453,ドダイトス,95,109,105,75,85,56,525.0,くさ,じめん,4,8,0
454,ヒコザル,44,58,44,58,44,61,309.0,ほのお,,1,-1,0
455,モウカザル,64,78,52,78,52,81,405.0,ほのお,かくとう,1,6,0
456,ゴウカザル,76,104,71,104,71,108,534.0,ほのお,かくとう,1,6,0
457,ポッチャマ,53,51,53,61,56,40,314.0,みず,,2,-1,0
458,ポッタイシ,64,66,68,81,76,50,405.0,みず,,2,-1,0
459,エンペルト,84,86,88,111,101,60,530.0,みず,はがね,2,16,0
460,ムックル,40,55,30,30,30,60,245.0,ノーマル,ひこう,0,9,0
461,ムクバード,55,75,50,40,40,80,340.0,ノーマル,ひこう,0,9,0
462,ムクホーク,85,120,70,50,60,100,485.0,ノーマル,ひこう,0,9,0
463,ビッパ,59,45,40,35,40,31,250.0,ノーマル,,0,-1,0
464,ビーダル,79,85,60,55,60,71,410.0,ノーマル,みず,0,2,0
465,コロボーシ,37,25,41,25,41,25,194.0,むし,,11,-1,0
466,コロトック,77,85,51,55,51,65,384.0,むし,,11,-1,0
467,コリンク,45,65,34,40,34,45,263.0,でんき,,3,-1,0
468,ルクシオ,60,85,49,60,49,60,363.0,でんき,,3,-1,0
469,レントラー,80,120,79,95,79,70,523.0,でんき,,3,-1,0
470,スボミー,40,30,35,50,70,55,280.0,くさ,どく,4,7,1
471,ロズレイド,60,70,65,125,105,90,515.0,くさ,どく,4,7,1
472,ズガイドス,67,125,40,30,30,58,350.0,いわ,,12,-1,0
473,ラムパルド,97,165,60,65,50,58,495.0,いわ,,12,-1,0
474,タテトプス,30,42,118,42,88,30,350.0,いわ,はがね,12,16,0
475,トリデプス,60,52,168,47,138,30,495.0,いわ,はがね,12,16,0
476,ミノムッチ,40,29,45,29,45,36,224.0,むし,,11,-1,0
477,ミノマダム草,60,59,85,79,105,36,424.0,むし,くさ,11,4,0
478,ミノマダム地,60,79,105,59,85,36,424.0,むし,じめん,11,8,0
479,ミノマダム鋼,60,69,95,69,95,36,424.0,むし,はがね,11,16,0
480,ガーメイル,70,94,50,94,50,66,424.0,むし,ひこう,11,9,0
481,ミツハニー,30,30,42,30,42,70,244.0,むし,ひこう,11,9,1
482,ビークイン,70,80,102,80,102,40,474.0,むし,ひこう,11,9,1
483,パチリス,60,45,70,45,90,95,405.0,でんき,,3,-1,0
484,ブイゼル,55,65,35,60,30,85,330.0,みず,,2,-1,0
485,フローゼル,85,105,55,85,50,115,495.0,みず,,2,-1,0
486,チェリンボ,45,35,45,62,53,35,275.0,くさ,,4,-1,1
487,チェリム,70,60,70,87,78,85,450.0,くさ,,4,-1,1
488,カラナクシ,76,48,48,57,62,34,325.0,みず,,2,-1,1
489,トリトドン,111,83,68,92,82,39,475.0,みず,じめん,2,8,1
490,エテボース,75,100,66,60,66,115,482.0,ノーマル,,0,-1,0
491,フワンテ,90,50,34,60,44,70,348.0,ゴースト,ひこう,13,9,1
492,フワライド,150,80,44,90,54,80,498.0,ゴースト,ひこう,13,9,1
493,ミミロル,55,66,44,44,56,85,350.0,ノーマル,,0,-1,0
494,ミミロップ,65,76,84,54,96,105,480.0,ノーマル,,0,-1,0
495,メガミミロップ,65,136,94,54,96,135,580.0,ノーマル,かくとう,0,6,0
496,ムウマージ,60,60,60,105,105,105,495.0,ゴースト,,13,-1,0
497,ドンカラス,100,125,52,105,52,71,505.0,あく,ひこう,15,9,0
498,ニャルマー,49,55,42,42,37,85,310.0,ノーマル,,0,-1,0
499,ブニャット,71,82,64,64,59,112,452.0,ノーマル,,0,-1,0
500,リーシャン,45,30,50,65,50,45,285.0,エスパー,,10,-1,0
501,スカンプー,63,63,47,41,41,74,329.0,どく,あく,7,15,1
502,スカタンク,103,93,67,71,61,84,479.0,どく,あく,7,15,1
503,ドーミラー,57,24,86,24,86,23,300.0,はがね,エスパー,16,10,1
504,ドータクン,67,89,116,79,116,33,500.0,はがね,エスパー,16,10,1
505,ウソハチ,50,80,95,10,45,10,290.0,いわ,,12,-1,1
506,マネネ,20,25,45,70,90,60,310.0,エスパー,フェアリー,10,17,1
507,ピンプク,100,5,5,15,65,30,220.0,ノーマル,,0,-1,0
508,ペラップ,76,65,45,92,42,91,411.0,ノーマル,ひこう,0,9,0
509,ミカルゲ,50,92,108,92,108,35,485.0,ゴースト,あく,13,15,0
510,フカマル,58,70,45,40,45,42,300.0,ドラゴン,じめん,14,8,0
511,ガバイト,68,90,65,50,55,82,410.0,ドラゴン,じめん,14,8,0
512,ガブリアス,108,130,95,80,85,102,600.0,ドラゴン,じめん,14,8,0
513,メガガブリアス,108,170,115,120,95,92,700.0,ドラゴン,じめん,14,8,0
514,ゴンベ,135,85,40,40,85,5,390.0,ノーマル,,0,-1,1
515,リオル,40,70,40,35,40,60,285.0,かくとう,,6,-1,1
516,ルカリオ,70,110,70,115,70,90,525.0,かくとう,はがね,6,16,1
517,メガルカリオ,70,145,88,140,70,112,625.0,かくとう,はがね,6,16,0
518,ヒポポタス,68,72,78,38,42,32,330.0,じめん,,8,-1,1
519,カバルドン,108,112,118,68,72,47,525.0,じめん,,8,-1,1
520,スコルピ,40,50,90,30,55,65,330.0,どく,むし,7,11,1
521,ドラピオン,70,90,110,60,75,95,500.0,どく,あく,7,15,1
522,グレッグル,48,61,40,61,40,50,300.0,どく,かくとう,7,6,1
523,ドクロッグ,83,106,65,86,65,85,490.0,どく,かくとう,7,6,1
524,マスキッパ,74,100,72,90,72,46,454.0,くさ,,4,-1,0
525,ケイコウオ,49,49,56,49,61,66,330.0,みず,,2,-1,0
526,ネオラント,69,69,76,69,86,91,460.0,みず,,2,-1,0
527,タマンタ,45,20,50,60,120,50,345.0,みず,ひこう,2,9,1
528,ユキカブリ,60,62,50,62,60,40,334.0,くさ,こおり,4,5,1
529,ユキノオー,90,92,75,92,85,60,494.0,くさ,こおり,4,5,1
530,メガユキノオー,90,132,105,132,105,30,594.0,くさ,こおり,4,5,0
531,マニューラ,70,120,65,45,85,125,510.0,あく,こおり,15,5,1
532,ジバコイル,70,70,115,130,90,60,535.0,でんき,はがね,3,16,0
533,ベロベルト,110,85,95,80,95,50,515.0,ノーマル,,0,-1,0
534,ドサイドン,115,140,130,55,55,40,535.0,じめん,いわ,8,12,1
535,モジャンボ,100,100,125,110,50,50,535.0,くさ,,4,-1,0
536,エレキブル,75,123,67,95,85,95,540.0,でんき,,3,-1,0
537,ブーバーン,75,95,67,125,95,83,540.0,ほのお,,1,-1,0
538,トゲキッス,85,50,95,120,115,80,545.0,フェアリー,ひこう,17,9,1
539,メガヤンマ,86,76,86,116,56,95,515.0,むし,ひこう,11,9,0
540,リーフィア,65,110,130,60,65,95,525.0,くさ,,4,-1,1
541,グレイシア,65,60,110,130,95,65,525.0,こおり,,5,-1,1
542,グライオン,75,95,125,45,75,95,510.0,じめん,ひこう,8,9,0
543,マンムー,110,130,80,70,60,80,530.0,こおり,じめん,5,8,1
544,ポリゴンＺ,85,80,70,135,75,90,535.0,ノーマル,,0,-1,0
545,エルレイド,68,125,65,65,115,80,518.0,エスパー,かくとう,10,6,1
546,メガエルレイド,68,165,95,65,115,110,618.0,エスパー,かくとう,10,6,0
547,ダイノーズ,60,55,145,75,150,40,525.0,いわ,はがね,12,16,0
548,ヨノワール,45,100,135,65,135,45,525.0,ゴースト,,13,-1,1
549,ユキメノコ,70,80,70,80,70,110,480.0,こおり,ゴースト,5,13,1
550,ロトム,50,50,77,95,77,91,440.0,でんき,ゴースト,3,13,1
551,ヒートロトム,50,65,107,105,107,86,520.0,でんき,ほのお,3,1,1
552,ウォッシュロトム,50,65,107,105,107,86,520.0,でんき,みず,3,2,1
553,フロストロトム,50,65,107,105,107,86,520.0,でんき,こおり,3,5,1
554,スピンロトム,50,65,107,105,107,86,520.0,でんき,ひこう,3,9,1
555,カットロトム,50,65,107,105,107,86,520.0,でんき,くさ,3,4,1
556,ユクシー,75,75,130,75,130,95,580.0,エスパー,,10,-1,0
557,エムリット,80,105,105,105,105,80,580.0,エスパー,,10,-1,0
558,アグノム,75,125,70,125,70,115,580.0,エスパー,,10,-1,0
559,ディアルガ,100,120,120,150,100,90,680.0,はがね,ドラゴン,16,14,0
560,パルキア,90,120,100,150,120,100,680.0,みず,ドラゴン,2,14,0
561,ヒードラン,91,90,106,130,106,77,600.0,ほのお,はがね,1,16,0
562,レジギガス,110,160,110,80,110,100,670.0,ノーマル,,0,-1,0
563,ギラティナA,150,100,120,100,120,90,680.0,ゴースト,ドラゴン,13,14,0
564,ギラティナO,150,120,100,120,100,90,680.0,ゴースト,ドラゴン,13,14,0
565,クレセリア,120,70,120,75,130,85,600.0,エスパー,,10,-1,0
566,フィオネ,80,80,80,80,80,80,480.0,みず,,2,-1,0
567,マナフィ,100,100,100,100,100,100,600.0,みず,,2,-1,0
568,ダークライ,70,90,90,135,90,125,600.0,あく,,15,-1,0
569,シェイミL,100,100,100,100,100,100,600.0,くさ,,4,-1,0
570,シェイミS,100,103,75,120,75,127,600.0,くさ,ひこう,4,9,0
571,アルセウス,120,120,120,120,120,120,720.0,ノーマル,,0,-1,0
572,ビクティニ,100,100,100,100,100,100,600.0,エスパー,ほのお,10,1,0
573,ツタージャ,45,45,55,45,55,63,308.0,くさ,,4,-1,0
574,ジャノビー,60,60,75,60,75,83,413.0,くさ,,4,-1,0
575,ジャローダ,75,75,95,75,95,113,528.0,くさ,,4,-1,0
576,ポカブ,65,63,45,45,45,45,308.0,ほのお,,1,-1,0
577,チャオブー,90,93,55,70,55,55,418.0,ほのお,かくとう,1,6,0
578,エンブオー,110,123,65,100,65,65,528.0,ほのお,かくとう,1,6,0
579,ミジュマル,55,55,45,63,45,45,308.0,みず,,2,-1,0
580,フタチマル,75,75,60,83,60,60,413.0,みず,,2,-1,0
581,ダイケンキ,95,100,85,108,70,70,528.0,みず,,2,-1,0
582,ミネズミ,45,55,39,35,39,42,255.0,ノーマル,,0,-1,0
583,ミルホッグ,60,85,69,60,69,77,420.0,ノーマル,,0,-1,0
584,ヨーテリー,45,60,45,25,45,55,275.0,ノーマル,,0,-1,0
585,ハーデリア,65,80,65,35,65,60,370.0,ノーマル,,0,-1,0
586,ムーランド,85,110,90,45,90,80,500.0,ノーマル,,0,-1,0
587,チョロネコ,41,50,37,50,37,66,281.0,あく,,15,-1,1
588,レパルダス,64,88,50,88,50,106,446.0,あく,,15,-1,1
589,ヤナップ,50,53,48,53,48,64,316.0,くさ,,4,-1,0
590,ヤナッキー,75,98,63,98,63,101,498.0,くさ,,4,-1,0
591,バオップ,50,53,48,53,48,64,316.0,ほのお,,1,-1,0
592,バオッキー,75,98,63,98,63,101,498.0,ほのお,,1,-1,0
593,ヒヤップ,50,53,48,53,48,64,316.0,みず,,2,-1,0
594,ヒヤッキー,75,98,63,98,63,101,498.0,みず,,2,-1,0
595,ムンナ,76,25,45,67,55,24,292.0,エスパー,,10,-1,1
596,ムシャーナ,116,55,85,107,95,29,487.0,エスパー,,10,-1,1
597,マメパト,50,55,50,36,30,43,264.0,ノーマル,ひこう,0,9,1
598,ハトーボー,62,77,62,50,42,65,358.0,ノーマル,ひこう,0,9,1
599,ケンホロウ,80,115,80,65,55,93,488.0,ノーマル,ひこう,0,9,1
600,シママ,45,60,32,50,32,76,295.0,でんき,,3,-1,0
601,ゼブライカ,75,100,63,80,63,116,497.0,でんき,,3,-1,0
602,ダンゴロ,55,75,85,25,25,15,280.0,いわ,,12,-1,1
603,ガントル,70,105,105,50,40,20,390.0,いわ,,12,-1,1
604,ギガイアス,85,135,130,60,80,25,515.0,いわ,,12,-1,1
605,コロモリ,65,45,43,55,43,72,323.0,エスパー,ひこう,10,9,1
606,ココロモリ,67,57,55,77,55,114,425.0,エスパー,ひこう,10,9,1
607,モグリュー,60,85,40,30,45,68,328.0,じめん,,8,-1,1
608,ドリュウズ,110,135,60,50,65,88,508.0,じめん,はがね,8,16,1
609,タブンネ,103,60,86,60,86,50,445.0,ノーマル,,0,-1,0
610,メガタブンネ,103,60,126,80,126,50,545.0,ノーマル,フェアリー,0,17,0
611,ドッコラー,75,80,55,25,35,35,305.0,かくとう,,6,-1,1
612,ドテッコツ,85,105,85,40,50,40,405.0,かくとう,,6,-1,1
613,ローブシン,105,140,95,55,65,45,505.0,かくとう,,6,-1,1
614,オタマロ,50,50,40,50,40,64,294.0,みず,,2,-1,1
615,ガマガル,75,65,55,65,55,69,384.0,みず,じめん,2,8,1
616,ガマゲロゲ,105,95,75,85,75,74,509.0,みず,じめん,2,8,1
617,ナゲキ,120,100,85,30,85,45,465.0,かくとう,,6,-1,1
618,ダゲキ,75,125,75,30,75,85,465.0,かくとう,,6,-1,1
619,クルミル,45,53,70,40,60,42,310.0,むし,くさ,11,4,0
620,クルマユ,55,63,90,50,80,42,380.0,むし,くさ,11,4,0
621,ハハコモリ,75,103,80,70,80,92,500.0,むし,くさ,11,4,0
622,フシデ,30,45,59,30,39,57,260.0,むし,どく,11,7,0
623,ホイーガ,40,55,99,40,79,47,360.0,むし,どく,11,7,0
624,ペンドラー,60,100,89,55,69,112,485.0,むし,どく,11,7,0
625,モンメン,40,27,60,37,50,66,280.0,くさ,フェアリー,4,17,1
626,エルフーン,60,67,85,77,75,116,480.0,くさ,フェアリー,4,17,1
627,チュリネ,45,35,50,70,50,30,280.0,くさ,,4,-1,0
628,ドレディア,70,60,75,110,75,90,480.0,くさ,,4,-1,0
629,バスラオ,70,92,65,80,55,98,460.0,みず,,2,-1,1
630,メグロコ,50,72,35,35,35,65,292.0,じめん,あく,8,15,0
631,ワルビル,60,82,45,45,45,74,351.0,じめん,あく,8,15,0
632,ワルビアル,95,117,80,65,70,92,519.0,じめん,あく,8,15,0
633,ダルマッカ,70,90,45,15,45,50,315.0,ほのお,,1,-1,1
634,ヒヒダルマN,105,140,55,30,55,95,480.0,ほのお,,1,-1,0
635,ヒヒダルマD,105,30,105,140,105,55,540.0,ほのお,エスパー,1,10,0
636,マラカッチ,75,86,67,106,67,60,461.0,くさ,,4,-1,1
637,イシズマイ,50,65,85,35,35,55,325.0,むし,いわ,11,12,1
638,イワパレス,70,105,125,65,75,45,485.0,むし,いわ,11,12,1
639,ズルッグ,50,75,70,35,70,48,348.0,あく,かくとう,15,6,1
640,ズルズキン,65,90,115,45,115,58,488.0,あく,かくとう,15,6,1
641,シンボラー,72,58,80,103,80,97,490.0,エスパー,ひこう,10,9,1
642,デスマス,38,30,85,55,65,30,303.0,ゴースト,,13,-1,1
643,デスカーン,58,50,145,95,105,30,483.0,ゴースト,,13,-1,1
644,プロトーガ,54,78,103,53,45,22,355.0,みず,いわ,2,12,0
645,アバゴーラ,74,108,133,83,65,32,495.0,みず,いわ,2,12,0
646,アーケン,55,112,45,74,45,70,401.0,いわ,ひこう,12,9,0
647,アーケオス,75,140,65,112,65,110,567.0,いわ,ひこう,12,9,0
648,ヤブクロン,50,50,62,40,62,65,329.0,どく,,7,-1,1
649,ダストダス,80,95,82,60,82,75,474.0,どく,,7,-1,1
650,ゾロア,40,65,40,80,40,65,330.0,あく,,15,-1,0
651,ゾロアーク,60,105,60,120,60,105,510.0,あく,,15,-1,0
652,チラーミィ,55,50,40,40,40,75,300.0,ノーマル,,0,-1,1
653,チラチーノ,75,95,60,65,60,115,470.0,ノーマル,,0,-1,1
654,ゴチム,45,30,50,55,65,45,290.0,エスパー,,10,-1,1
655,ゴチミル,60,45,70,75,85,55,390.0,エスパー,,10,-1,1
656,ゴチルゼル,70,55,95,95,110,65,490.0,エスパー,,10,-1,1
657,ユニラン,45,30,40,105,50,20,290.0,エスパー,,10,-1,1
658,ダブラン,65,40,50,125,60,30,370.0,エスパー,,10,-1,1
659,ランクルス,110,65,75,125,85,30,490.0,エスパー,,10,-1,1
660,コアルヒー,62,44,50,44,50,55,305.0,みず,ひこう,2,9,0
661,スワンナ,75,87,63,87,63,98,473.0,みず,ひこう,2,9,0
662,バニプッチ,36,50,50,65,60,44,305.0,こおり,,5,-1,1
663,バニリッチ,51,65,65,80,75,59,395.0,こおり,,5,-1,1
664,バイバニラ,71,95,85,110,95,79,535.0,こおり,,5,-1,1
665,シキジカ,60,60,50,40,50,75,335.0,ノーマル,むし,0,11,0
666,メブキジカ,80,100,70,60,70,95,475.0,ノーマル,むし,0,11,0
667,エモンガ,55,75,60,75,60,103,428.0,でんき,ひこう,3,9,0
668,カブルモ,50,75,45,40,45,60,315.0,むし,,11,-1,1
669,シュバルゴ,70,135,105,60,105,20,495.0,むし,はがね,11,16,1
670,タマゲタケ,69,55,45,55,55,15,294.0,くさ,どく,4,7,0
671,モロバレル,114,85,70,85,80,30,464.0,くさ,どく,4,7,0
672,プルリル,55,40,50,65,85,40,335.0,みず,ゴースト,2,13,1
673,ブルンゲル,100,60,70,85,105,60,480.0,みず,ゴースト,2,13,1
674,ママンボウ,165,75,80,40,45,65,470.0,みず,,2,-1,0
675,バチュル,50,47,50,57,50,65,319.0,むし,でんき,11,3,1
676,デンチュラ,70,77,60,97,60,108,472.0,むし,でんき,11,3,1
677,テッシード,44,50,91,24,86,10,305.0,くさ,はがね,4,16,1
678,ナットレイ,74,94,131,54,116,20,489.0,くさ,はがね,4,16,1
679,ギアル,40,55,70,45,60,30,300.0,はがね,,16,-1,1
680,ギギアル,60,80,95,70,85,50,440.0,はがね,,16,-1,1
681,ギギギアル,60,100,115,70,85,90,520.0,はがね,,16,-1,1
682,シビシラス,35,55,40,45,40,60,275.0,でんき,,3,-1,0
683,シビビール,65,85,70,75,70,40,405.0,でんき,,3,-1,0
684,シビルドン,85,115,80,105,80,50,515.0,でんき,,3,-1,0
685,リグレー,55,55,55,85,55,30,335.0,エスパー,,10,-1,1
686,オーベム,75,75,75,125,95,40,485.0,エスパー,,10,-1,1
687,ヒトモシ,50,30,55,65,55,20,275.0,ゴースト,ほのお,13,1,1
688,ランプラー,60,40,60,95,60,55,370.0,ゴースト,ほのお,13,1,1
689,シャンデラ,60,55,90,145,90,80,520.0,ゴースト,ほのお,13,1,1
690,キバゴ,46,87,60,30,40,57,320.0,ドラゴン,,14,-1,1
691,オノンド,66,117,70,40,50,67,410.0,ドラゴン,,14,-1,1
692,オノノクス,76,147,90,60,70,97,540.0,ドラゴン,,14,-1,1
693,クマシュン,55,70,40,60,40,40,305.0,こおり,,5,-1,1
694,ツンベアー,95,130,80,70,80,50,505.0,こおり,,5,-1,1
695,フリージオ,80,50,50,95,135,105,515.0,こおり,,5,-1,0
696,チョボマキ,50,40,85,40,65,25,305.0,むし,,11,-1,1
697,アギルダー,80,70,40,100,60,145,495.0,むし,,11,-1,1
698,マッギョ,109,66,84,81,99,32,471.0,じめん,でんき,8,3,1
699,コジョフー,45,85,50,55,50,65,350.0,かくとう,,6,-1,0
700,コジョンド,65,125,60,95,60,105,510.0,かくとう,,6,-1,0
701,クリムガン,77,120,90,60,90,48,485.0,ドラゴン,,14,-1,0
702,ゴビット,59,74,50,35,50,35,303.0,じめん,ゴースト,8,13,1
703,ゴルーグ,89,124,80,55,80,55,483.0,じめん,ゴースト,8,13,1
704,コマタナ,45,85,70,40,40,60,340.0,あく,はがね,15,16,1
705,キリキザン,65,125,100,60,70,70,490.0,あく,はがね,15,16,1
706,バッフロン,95,110,95,40,95,55,490.0,ノーマル,,0,-1,0
707,ワシボン,70,83,50,37,50,60,350.0,ノーマル,ひこう,0,9,1
708,ウォーグル,100,123,75,57,75,80,510.0,ノーマル,ひこう,0,9,1
709,バルチャイ,70,55,75,45,65,60,370.0,あく,ひこう,15,9,1
710,バルジーナ,110,65,105,55,95,80,510.0,あく,ひこう,15,9,1
711,クイタラン,85,97,66,105,66,65,484.0,ほのお,,1,-1,1
712,アイアント,58,109,112,48,48,109,484.0,むし,はがね,11,16,1
713,モノズ,52,65,50,45,50,38,300.0,あく,ドラゴン,15,14,1
714,ジヘッド,72,85,70,65,70,58,420.0,あく,ドラゴン,15,14,1
715,サザンドラ,92,105,90,125,90,98,600.0,あく,ドラゴン,15,14,1
716,メラルバ,55,85,55,50,55,60,360.0,むし,ほのお,11,1,0
717,ウルガモス,85,60,65,135,105,100,550.0,むし,ほのお,11,1,0
718,コバルオン,91,90,129,90,72,108,580.0,はがね,かくとう,16,6,0
719,テラキオン,91,129,90,72,90,108,580.0,いわ,かくとう,12,6,0
720,ビリジオン,91,90,72,90,129,108,580.0,くさ,かくとう,4,6,0
721,トルネロス化身,79,115,70,125,80,111,580.0,ひこう,,9,-1,0
722,トルネロス霊獣,79,100,80,110,90,121,580.0,ひこう,,9,-1,0
723,ボルトロス化身,79,115,70,125,80,111,580.0,でんき,ひこう,3,9,0
724,ボルトロス霊獣,79,105,70,145,80,101,580.0,でんき,ひこう,3,9,0
725,レシラム,100,120,100,150,120,90,680.0,ドラゴン,ほのお,14,1,0
726,ゼクロム,100,150,120,120,100,90,680.0,ドラゴン,でんき,14,3,0
727,ランドロス化身,89,125,90,115,80,101,600.0,じめん,ひこう,8,9,0
728,ランドロス霊獣,89,145,90,105,80,91,600.0,じめん,ひこう,8,9,0
729,キュレム,125,130,90,130,90,95,660.0,ドラゴン,こおり,14,5,0
730,ブラックキュレム,125,170,100,120,90,95,700.0,ドラゴン,こおり,14,5,0
731,ホワイトキュレム,125,120,90,170,100,95,700.0,ドラゴン,こおり,14,5,0
732,ケルディオ,91,72,90,129,90,108,580.0,みず,かくとう,2,6,0
733,ケルディオ覚悟,91,72,90,129,90,108,580.0,みず,かくとう,2,6,0
734,メロエッタＶ,100,77,77,128,128,90,600.0,ノーマル,エスパー,0,10,0
735,メロエッタＳ,100,128,90,77,77,128,600.0,ノーマル,かくとう,0,6,0
736,ゲノセクト,71,120,95,120,95,99,600.0,むし,はがね,11,16,0
737,ハリマロン,56,61,65,48,45,38,313.0,くさ,,4,-1,0
738,ハリボーグ,61,78,95,56,58,57,405.0,くさ,,4,-1,0
739,ブリガロン,88,107,122,74,75,64,530.0,くさ,かくとう,4,6,0
740,フォッコ,40,45,40,62,60,60,307.0,ほのお,,1,-1,0
741,テールナー,59,59,58,90,70,73,409.0,ほのお,,1,-1,0
742,マフォクシー,75,69,72,114,100,104,534.0,ほのお,エスパー,1,10,0
743,ケロマツ,41,56,40,62,44,71,314.0,みず,,2,-1,0
744,ゲコガシラ,54,63,52,83,56,97,405.0,みず,,2,-1,0
745,ゲッコウガ,72,95,67,103,71,122,530.0,みず,あく,2,15,0
746,ホルビー,38,36,38,32,36,57,237.0,ノーマル,,0,-1,1
747,ホルード,85,56,77,50,77,78,423.0,ノーマル,じめん,0,8,1
748,ヤヤコマ,45,50,43,40,38,62,278.0,ノーマル,ひこう,0,9,0
749,ヒノヤコマ,62,73,55,56,52,84,382.0,ほのお,ひこう,1,9,0
750,ファイアロー,78,81,71,74,69,126,499.0,ほのお,ひこう,1,9,0
751,コフキムシ,38,35,40,27,25,35,200.0,むし,,11,-1,0
752,コフーライ,45,22,60,27,30,29,213.0,むし,,11,-1,0
753,ビビヨン,80,52,50,90,50,89,411.0,むし,ひこう,11,9,0
754,シシコ,62,50,58,73,54,72,369.0,ほのお,ノーマル,1,0,0
755,カエンジシ,86,68,72,109,66,106,507.0,ほのお,ノーマル,1,0,0
756,フラベベ,44,38,39,61,79,42,303.0,フェアリー,,17,-1,0
757,フラエッテ,54,45,47,75,98,52,371.0,フェアリー,,17,-1,0
758,フラエッテＡＺ,74,65,67,125,128,92,551.0,フェアリー,,17,-1,0
759,フラージェス,78,65,68,112,154,75,552.0,フェアリー,,17,-1,0
760,メェークル,66,65,48,62,57,52,350.0,くさ,,4,-1,0
761,ゴーゴート,123,100,62,97,81,68,531.0,くさ,,4,-1,0
762,ヤンチャム,67,82,62,46,48,43,348.0,かくとう,,6,-1,1
763,ゴロンダ,95,124,78,69,71,58,495.0,かくとう,あく,6,15,1
764,トリミアン,75,80,60,65,90,102,472.0,ノーマル,,0,-1,0
765,ニャスパー,62,48,54,63,60,68,355.0,エスパー,,10,-1,1
766,ニャオニクス,74,48,76,83,81,104,466.0,エスパー,,10,-1,0
767,ヒトツキ,45,80,100,35,37,28,325.0,はがね,ゴースト,16,13,1
768,ニダンギル,59,110,150,45,49,35,448.0,はがね,ゴースト,16,13,1
769,ギルガルド盾,60,50,150,50,150,60,520.0,はがね,ゴースト,16,13,1
770,ギルガルド剣,60,150,50,150,50,60,520.0,はがね,ゴースト,16,13,1
771,シュシュプ,78,52,60,63,65,23,341.0,フェアリー,,17,-1,1
772,フレフワン,101,72,72,99,89,29,462.0,フェアリー,,17,-1,1
773,ペロッパフ,62,48,66,59,57,49,341.0,フェアリー,,17,-1,1
774,ペロリーム,82,80,86,85,75,72,480.0,フェアリー,,17,-1,1
775,マーイーカ,53,54,53,37,46,45,288.0,あく,エスパー,15,10,1
776,カラマネロ,86,92,88,68,75,73,482.0,あく,エスパー,15,10,1
777,カメテテ,42,52,67,39,56,50,306.0,いわ,みず,12,2,1
778,ガメノデス,72,105,115,54,86,68,500.0,いわ,みず,12,2,1
779,クズモー,50,60,60,60,60,30,320.0,どく,みず,7,2,0
780,ドラミドロ,65,75,90,97,123,44,494.0,どく,ドラゴン,7,14,0
781,ウデッポウ,50,53,62,58,63,44,330.0,みず,,2,-1,0
782,ブロスター,71,73,88,120,89,59,500.0,みず,,2,-1,0
783,エリキテル,44,38,33,61,43,70,289.0,でんき,ノーマル,3,0,1
784,エレザード,62,55,52,109,94,109,481.0,でんき,ノーマル,3,0,1
785,チゴラス,58,89,77,45,45,48,362.0,いわ,ドラゴン,12,14,0
786,ガチゴラス,82,121,119,69,59,71,521.0,いわ,ドラゴン,12,14,0
787,アマルス,77,59,50,67,63,46,362.0,いわ,こおり,12,5,0
788,アマルルガ,123,77,72,99,92,58,521.0,いわ,こおり,12,5,0
789,ニンフィア,95,65,65,110,130,60,525.0,フェアリー,,17,-1,1
790,ルチャブル,78,92,75,74,63,118,500.0,かくとう,ひこう,6,9,1
791,デデンネ,67,58,57,81,67,101,431.0,でんき,フェアリー,3,17,0
792,メレシー,50,50,150,50,150,50,500.0,いわ,フェアリー,12,17,0
793,ヌメラ,45,50,35,55,75,40,300.0,ドラゴン,,14,-1,1
794,ヌメイル,68,75,53,83,113,60,452.0,ドラゴン,,14,-1,1
795,ヌメルゴン,90,100,70,110,150,80,600.0,ドラゴン,,14,-1,1
796,クレッフィ,57,80,91,80,87,75,470.0,はがね,フェアリー,16,17,0
797,ボクレー,43,70,48,50,60,38,309.0,ゴースト,くさ,13,4,1
798,オーロット,85,110,76,65,82,56,474.0,ゴースト,くさ,13,4,1
799,バケッチャ,49,66,70,44,55,51,335.0,ゴースト,くさ,13,4,1
800,バケッチャ小,44,66,70,44,55,56,335.0,ゴースト,くさ,13,4,0
801,バケッチャ大,54,66,70,44,55,46,335.0,ゴースト,くさ,13,4,0
802,バケッチャ特大,59,66,70,44,55,41,335.0,ゴースト,くさ,13,4,0
803,パンプジン,65,90,122,58,75,84,494.0,ゴースト,くさ,13,4,1
804,パンプジン小,55,85,122,58,75,99,494.0,ゴースト,くさ,13,4,0
805,パンプジン大,75,95,122,58,75,69,494.0,ゴースト,くさ,13,4,0
806,パンプジン特大,85,100,122,58,75,54,494.0,ゴースト,くさ,13,4,0
807,カチコール,55,69,85,32,35,28,304.0,こおり,,5,-1,1
808,クレベース,95,117,184,44,46,28,514.0,こおり,,5,-1,1
809,オンバット,40,30,35,45,40,55,245.0,ひこう,ドラゴン,9,14,1
810,オンバーン,85,70,80,97,80,123,535.0,ひこう,ドラゴン,9,14,1
811,ゼルネアス,126,131,95,131,98,99,680.0,フェアリー,,17,-1,0
812,イベルタル,126,131,95,131,98,99,680.0,あく,ひこう,15,9,0
813,ジガルデ10%,100,71,61,85,115,486,,ドラゴン,じめん,14,8,0
814,ジガルデ50%,100,121,81,95,95,600,,ドラゴン,じめん,14,8,0
815,ジガルデ完全,216,100,121,91,95,85,708.0,ドラゴン,じめん,14,8,0
816,ディアンシー,50,100,150,100,150,50,600.0,いわ,フェアリー,12,17,0
817,メガディアンシー,50,160,110,160,110,110,700.0,いわ,フェアリー,12,17,0
818,フーパ(戒め),80,110,60,150,130,70,600.0,エスパー,ゴースト,10,13,0
819,フーパ(解放),80,160,60,170,130,80,680.0,エスパー,あく,10,15,0
820,ボルケニオン,80,110,120,130,90,70,600.0,ほのお,みず,1,2,0
821,モクロー,68,55,55,50,50,42,320.0,くさ,ひこう,4,9,1
822,フクスロー,78,75,75,70,70,52,420.0,くさ,ひこう,4,9,1
823,ジュナイパー,78,107,75,100,100,70,530.0,くさ,ゴースト,4,13,1
824,ニャビー,45,65,40,60,40,70,320.0,ほのお,,1,-1,1
825,ニャヒート,65,85,50,80,50,90,420.0,ほのお,,1,-1,1
826,ガオガエン,95,115,90,80,90,60,530.0,ほのお,あく,1,15,1
827,アシマリ,50,54,54,66,56,40,320.0,みず,,2,-1,1
828,オシャマリ,60,69,69,91,81,50,420.0,みず,,2,-1,1
829,アシレーヌ,80,74,74,126,116,60,530.0,みず,フェアリー,2,17,1
830,ツツケラ,35,75,30,30,30,65,265.0,ノーマル,ひこう,0,9,0
831,ケララッパ,55,85,50,40,50,75,355.0,ノーマル,ひこう,0,9,0
832,ドデカバシ,80,120,75,75,75,60,485.0,ノーマル,ひこう,0,9,0
833,ヤングース,48,70,30,30,30,45,253.0,ノーマル,,0,-1,0
834,デカグース,88,110,60,55,60,45,418.0,ノーマル,,0,-1,0
835,アゴジムシ,47,62,45,55,45,46,300.0,むし,,11,-1,1
836,デンヂムシ,57,82,95,55,75,36,400.0,むし,でんき,11,3,1
837,クワガノン,77,70,90,145,75,43,500.0,むし,でんき,11,3,1
838,マケンカニ,47,82,57,42,47,63,338.0,かくとう,,6,-1,0
839,ケケンカニ,97,132,77,62,67,43,478.0,かくとう,こおり,6,5,0
840,オドリドリ-めらめら,75,70,70,98,70,93,476.0,ほのお,ひこう,1,9,0
841,オドリドリ-ぱちぱち,75,70,70,98,70,93,476.0,でんき,ひこう,3,9,0
842,オドリドリ-ふらふら,75,70,70,98,70,93,476.0,エスパー,ひこう,10,9,0
843,オドリドリ-まいまい,75,70,70,98,70,93,476.0,ゴースト,ひこう,13,9,0
844,アブリー,40,45,40,55,40,84,304.0,むし,フェアリー,11,17,1
845,アブリボン,60,55,60,95,70,124,464.0,むし,フェアリー,11,17,1
846,イワンコ,45,65,40,30,40,60,280.0,いわ,,12,-1,0
847,ルガルガン昼,75,115,65,55,65,112,487.0,いわ,,12,-1,0
848,ルガルガン夜,85,115,75,55,75,82,487.0,いわ,,12,-1,0
849,ヨワシ,45,20,20,25,25,40,175.0,みず,,2,-1,1
850,ヨワシ(群れ),45,140,130,140,135,30,620.0,みず,,2,-1,0
851,ヒドイデ,50,53,62,43,52,45,305.0,どく,みず,7,2,1
852,ドヒドイデ,50,63,152,53,142,35,495.0,どく,みず,7,2,1
853,ドロバンコ,70,100,70,45,55,45,385.0,じめん,,8,-1,1
854,バンバドロ,100,125,100,55,85,35,500.0,じめん,,8,-1,1
855,シズクモ,38,40,52,40,72,27,269.0,みず,むし,2,11,1
856,オニシズクモ,68,70,92,50,132,42,454.0,みず,むし,2,11,1
857,カリキリ,40,55,35,50,35,35,250.0,くさ,,4,-1,0
858,ラランテス,70,105,90,80,90,45,480.0,くさ,,4,-1,0
859,ネマシュ,40,35,55,65,75,15,285.0,くさ,フェアリー,4,17,1
860,マシェード,60,45,80,90,100,30,405.0,くさ,フェアリー,4,17,1
861,ヤトウモリ,48,44,40,71,40,77,320.0,どく,ほのお,7,1,1
862,エンニュート,68,64,60,111,60,117,480.0,どく,ほのお,7,1,1
863,ヌイコグマ,70,75,50,45,50,50,340.0,ノーマル,かくとう,0,6,1
864,キテルグマ,120,125,80,55,60,60,500.0,ノーマル,かくとう,0,6,1
865,アマカジ,42,30,38,30,38,32,210.0,くさ,,4,-1,1
866,アママイコ,52,40,48,40,48,62,290.0,くさ,,4,-1,1
867,アマージョ,72,120,98,50,98,72,510.0,くさ,,4,-1,1
868,キュワワー,51,52,90,82,110,100,485.0,フェアリー,,17,-1,0
869,ヤレユータン,90,60,80,90,110,60,490.0,ノーマル,エスパー,0,10,1
870,ナゲツケサル,100,120,90,40,60,80,490.0,かくとう,,6,-1,1
871,コソクムシ,25,35,40,20,30,80,230.0,むし,みず,11,2,1
872,グソクムシャ,75,125,140,60,90,40,530.0,むし,みず,11,2,1
873,スナバァ,55,55,80,70,45,15,320.0,ゴースト,じめん,13,8,0
874,シロデスナ,85,75,110,100,75,35,480.0,ゴースト,じめん,13,8,0
875,ナマコブシ,55,60,130,30,130,5,410.0,みず,,2,-1,1
876,タイプ：ヌル,95,95,95,95,95,59,534.0,ノーマル,,0,-1,1
877,シルヴァディ,95,95,95,95,95,95,570.0,ノーマル,,0,-1,1
878,メテノ(流星),60,60,100,60,100,60,440.0,いわ,ひこう,12,9,0
879,メテノ(コア),60,100,60,100,60,120,500.0,いわ,ひこう,12,9,0
880,ネッコアラ,65,115,65,75,95,65,480.0,ノーマル,,0,-1,0
881,バクガメス,60,78,135,91,85,36,485.0,ほのお,ドラゴン,1,14,1
882,トゲデマル,65,98,63,40,73,96,435.0,でんき,はがね,3,16,1
883,ミミッキュ,55,90,80,50,105,96,476.0,ゴースト,フェアリー,13,17,1
884,ハギギシリ,68,105,70,70,70,92,475.0,みず,エスパー,2,10,0
885,ジジーロン,78,60,85,135,91,36,485.0,ノーマル,ドラゴン,0,14,1
886,ダダリン,70,131,100,86,90,40,517.0,ゴースト,くさ,13,4,1
887,ジャラコ,45,55,65,45,45,45,300.0,ドラゴン,,14,-1,1
888,ジャランゴ,55,75,90,65,70,65,420.0,ドラゴン,かくとう,14,6,1
889,ジャラランガ,75,110,125,100,105,85,600.0,ドラゴン,かくとう,14,6,1
890,カプ・コケコ,70,115,85,95,75,130,570.0,でんき,フェアリー,3,17,0
891,カプ・テテフ,70,85,75,130,115,95,570.0,エスパー,フェアリー,10,17,0
892,カプ・ブルル,70,130,115,85,95,75,570.0,くさ,フェアリー,4,17,0
893,カプ・レヒレ,70,75,115,95,130,85,570.0,みず,フェアリー,2,17,0
894,コスモッグ,43,29,31,29,31,37,200.0,エスパー,,10,-1,0
895,コスモウム,43,29,131,29,131,37,400.0,エスパー,,10,-1,0
896,ソルガレオ,137,137,107,113,89,97,680.0,エスパー,はがね,10,16,0
897,ルナアーラ,137,113,89,137,107,97,680.0,エスパー,ゴースト,10,13,0
898,ウツロイド,109,53,47,127,131,103,570.0,いわ,どく,12,7,0
899,マッシブーン,107,139,139,53,53,79,570.0,むし,かくとう,11,6,0
900,フェローチェ,71,137,37,137,37,151,570.0,むし,かくとう,11,6,0
901,デンジュモク,83,89,71,173,71,83,570.0,でんき,,3,-1,0
902,テッカグヤ,97,101,103,107,101,61,570.0,はがね,ひこう,16,9,0
903,カミツルギ,59,181,131,59,31,109,570.0,くさ,はがね,4,16,0
904,アクジキング,223,101,53,97,53,43,570.0,あく,ドラゴン,15,14,0
905,ネクロズマ,97,107,101,127,89,79,600.0,エスパー,,10,-1,0
906,マギアナ,80,95,115,130,115,65,600.0,はがね,フェアリー,16,17,0
907,マーシャドー,90,125,80,90,90,125,600.0,かくとう,ゴースト,6,13,0
908,サルノリ,50,65,50,40,40,65,310.0,くさ,,4,-1,1
909,バチンキー,70,85,70,55,60,80,420.0,くさ,,4,-1,1
910,ゴリランダー,100,125,90,60,70,85,530.0,くさ,,4,-1,1
911,ヒバニー,50,71,40,40,40,69,310.0,ほのお,,1,-1,1
912,ラビフット,65,86,60,55,60,94,420.0,ほのお,,1,-1,1
913,エースバーン,80,116,75,65,75,119,530.0,ほのお,,1,-1,1
914,メッソン,50,40,40,70,40,70,310.0,みず,,2,-1,1
915,ジメレオン,65,60,55,95,55,90,420.0,みず,,2,-1,1
916,インテレオン,70,85,65,125,65,120,530.0,みず,,2,-1,1
917,サッチムシ,25,20,20,25,45,45,180.0,むし,,11,-1,1
918,レドームシ,50,35,80,50,90,30,335.0,むし,エスパー,11,10,1
919,イオルブ,60,45,110,80,120,90,505.0,むし,エスパー,11,10,1
920,ココガラ,38,47,35,33,35,57,245.0,ひこう,,9,-1,1
921,アオガラス,68,67,55,43,55,77,365.0,ひこう,,9,-1,1
922,アーマーガア,98,87,105,53,85,67,495.0,ひこう,はがね,9,16,1
923,ホシガリス,70,55,55,35,35,25,275.0,ノーマル,,0,-1,1
924,ヨクバリス,120,95,95,55,75,20,460.0,ノーマル,,0,-1,1
925,クスネ,40,28,28,47,52,50,245.0,あく,,15,-1,1
926,フォクスライ,70,58,58,87,92,90,455.0,あく,,15,-1,1
927,ガラルジグザグマ,38,30,41,30,41,60,240.0,あく,ノーマル,15,0,1
928,ガラルマッスグマ,78,70,61,50,61,100,420.0,あく,ノーマル,15,0,1
929,タチフサグマ,93,90,101,60,81,95,520.0,あく,ノーマル,15,0,1
930,ウールー,42,40,55,40,45,48,270.0,ノーマル,,0,-1,1
931,バイウールー,72,80,100,60,90,88,490.0,ノーマル,,0,-1,1
932,カムカメ,50,64,50,38,38,44,284.0,みず,,2,-1,1
933,カジリガメ,90,115,90,48,68,74,485.0,みず,いわ,2,12,1
934,ワンパチ,59,45,50,40,50,26,270.0,でんき,,3,-1,1
935,パルスワン,69,90,60,90,60,121,490.0,でんき,,3,-1,1
936,ヒメンカ,40,40,60,40,60,10,250.0,くさ,,4,-1,1
937,ワタシラガ,60,50,90,80,120,60,460.0,くさ,,4,-1,1
938,ヤクデ,50,65,45,50,50,45,305.0,ほのお,むし,1,11,1
939,マルヤクデ,100,115,65,90,90,65,525.0,ほのお,むし,1,11,1
940,タンドン,30,40,50,40,50,30,240.0,いわ,,12,-1,1
941,トロッゴン,80,60,90,60,70,50,410.0,いわ,ほのお,12,1,1
942,セキタンザン,110,80,120,80,90,30,510.0,いわ,ほのお,12,1,1
943,サシカマス,41,63,40,40,30,66,280.0,みず,,2,-1,1
944,カマスジョー,61,123,60,60,50,136,490.0,みず,,2,-1,1
945,ガラルニャース,50,65,55,40,40,40,290.0,はがね,,16,-1,1
946,ニャイキング,70,110,100,50,60,50,440.0,はがね,,16,-1,1
947,マホミル,45,40,40,50,61,34,270.0,フェアリー,,17,-1,1
948,マホイップ,65,60,75,110,121,64,495.0,フェアリー,,17,-1,1
949,カジッチュ,40,40,80,40,40,20,260.0,くさ,ドラゴン,4,14,1
950,アップリュー,70,110,80,95,60,70,485.0,くさ,ドラゴン,4,14,1
951,タルップル,110,85,80,100,80,30,485.0,くさ,ドラゴン,4,14,1
952,ガラルカモネギ,52,95,55,58,62,55,377.0,かくとう,,6,-1,1
953,ネギガナイト,62,135,95,68,82,65,507.0,かくとう,,6,-1,1
954,ガラルマッギョ,109,81,99,66,84,32,471.0,じめん,はがね,8,16,1
955,ガラルサニーゴ,60,55,100,65,100,30,410.0,ゴースト,,13,-1,1
956,サニゴーン,60,95,50,145,130,30,510.0,ゴースト,,13,-1,1
957,ベロバー,45,45,30,55,40,50,265.0,あく,フェアリー,15,17,1
958,ギモー,65,60,45,75,55,70,370.0,あく,フェアリー,15,17,1
959,オーロンゲ,95,120,65,95,75,60,510.0,あく,フェアリー,15,17,1
960,ミブリム,42,30,45,56,53,39,265.0,エスパー,,10,-1,1
961,テブリム,57,40,65,86,73,49,370.0,エスパー,,10,-1,1
962,ブリムオン,57,90,95,136,103,29,510.0,エスパー,フェアリー,10,17,1
963,ガラルマタドガス,65,90,120,85,70,60,490.0,どく,フェアリー,7,17,1
964,ゾウドウ,72,80,49,40,49,40,330.0,はがね,,16,-1,1
965,ダイオウドウ,122,130,69,80,69,30,500.0,はがね,,16,-1,1
966,ウッウ,70,85,55,85,95,85,475.0,ひこう,みず,9,2,1
967,エレズン,40,38,35,54,35,40,242.0,でんき,どく,3,7,1
968,ストリンダー,75,98,70,114,70,75,502.0,でんき,どく,3,7,1
969,スナヘビ,52,57,75,35,50,46,315.0,じめん,,8,-1,1
970,サダイジャ,72,107,125,65,70,71,510.0,じめん,,8,-1,1
971,ガラルデスマス,38,55,85,30,65,30,303.0,じめん,ゴースト,8,13,1
972,デスバーン,58,95,145,50,105,30,483.0,じめん,ゴースト,8,13,1
973,ガラルポニータ,50,85,55,65,65,90,410.0,エスパー,,10,-1,1
974,ガラルギャロップ,65,100,70,80,80,105,500.0,エスパー,フェアリー,10,17,1
975,ヤバチャ,40,45,45,74,54,50,308.0,ゴースト,,13,-1,1
976,ポットデス,60,65,65,134,114,70,508.0,ゴースト,,13,-1,1
977,イエッサン,60,65,55,105,95,95,475.0,エスパー,ノーマル,10,0,1
978,モルペコ,58,95,58,70,58,97,436.0,でんき,あく,3,15,1
979,タイレーツ,65,100,100,70,60,75,470.0,かくとう,,6,-1,1
980,ユキハミ,30,25,35,45,30,20,185.0,こおり,むし,5,11,1
981,モスノウ,70,65,60,125,90,65,475.0,こおり,むし,5,11,1
982,タタッコ,50,68,60,50,50,32,310.0,かくとう,,6,-1,1
983,オトスパス,80,118,90,70,80,42,480.0,かくとう,,6,-1,1
984,バチンウニ,48,101,95,91,85,15,435.0,でんき,,3,-1,1
985,ガラルバリヤード,50,65,65,90,90,100,460.0,こおり,エスパー,5,10,1
986,バリコオル,80,85,75,110,100,70,520.0,こおり,エスパー,5,10,1
987,ガラルダルマッカ,70,90,45,15,45,50,315.0,こおり,,5,-1,1
988,ガラルヒヒダルマ,105,140,55,30,55,95,480.0,こおり,,5,-1,1
989,イシヘンジン,100,125,135,20,20,70,470.0,いわ,,12,-1,1
990,コオリッポ,75,80,110,65,90,50,470.0,こおり,,5,-1,1
991,ジュラルドン,70,95,115,120,50,85,535.0,はがね,ドラゴン,16,14,1
992,パッチラゴン,90,100,90,80,70,75,505.0,でんき,ドラゴン,3,14,1
993,パッチルドン,90,100,90,90,80,55,505.0,でんき,こおり,3,5,1
994,ウオノラゴン,90,90,100,70,80,75,505.0,みず,ドラゴン,2,14,1
995,ウオチルドン,90,90,100,80,90,55,505.0,みず,こおり,2,5,1
996,ドラメシヤ,28,60,30,40,30,82,270.0,ドラゴン,ゴースト,14,13,1
997,ドロンチ,68,80,50,60,50,102,410.0,ドラゴン,ゴースト,14,13,1
998,ドラパルト,88,120,75,100,75,142,600.0,ドラゴン,ゴースト,14,13,1
999,ザシアン,92,170,115,80,115,148,720.0,フェアリー,はがね,17,16,0
1000,ザマゼンタ,92,130,145,80,145,128,720.0,かくとう,はがね,6,16,0
1001,ムゲンダイナ,140,85,95,145,95,130,690.0,どく,ドラゴン,7,14,0